Destination Port,Flow Duration,Total Fwd Packets,Total Length of Fwd Packets,Fwd Packet Length Max,Fwd Packet Length Min,Fwd Packet Length Mean,Fwd Packet Length Std,Bwd Packet Length Max,Bwd Packet Length Min,Bwd Packet Length Mean,Bwd Packet Length Std,Flow Bytes/s,Flow Packets/s,Flow IAT Mean,Flow IAT Std,Flow IAT Max,Flow IAT Min,Fwd IAT Total,Fwd IAT Mean,Fwd IAT Std,Fwd IAT Max,Fwd IAT Min,Bwd IAT Total,Bwd IAT Mean,Bwd IAT Std,Bwd IAT Max,Bwd IAT Min,Fwd Header Length,Bwd Header Length,Fwd Packets/s,Bwd Packets/s,Min Packet Length,Max Packet Length,Packet Length Mean,Packet Length Std,Packet Length Variance,FIN Flag Count,PSH Flag Count,ACK Flag Count,Average Packet Size,Subflow Fwd Bytes,Init_Win_bytes_forward,Init_Win_bytes_backward,act_data_pkt_fwd,min_seg_size_forward,Active Mean,Active Max,Active Min,Idle Mean,Idle Max,Idle Min
374.54011884736246,950.7143064099162,731.9939418114051,598.6584841970366,156.01864044243652,155.99452033620264,58.08361216819946,866.1761457749352,601.1150117432088,708.0725777960455,20.584494295802447,969.9098521619943,832.4426408004217,212.33911067827614,181.82496720710063,183.4045098534338,304.24224295953775,524.7564316322379,431.94501864211577,291.22914019804193,611.8528947223795,139.49386065204183,292.14464853521815,366.3618432936917,456.06998421703594,785.1759613930136,199.67378215835973,514.2344384136117,592.4145688620424,46.45041271999772,607.5448519014384,170.52412368729154,65.05159298527951,948.8855372533333,965.6320330745593,808.3973481164611,304.6137691733707,97.67211400638386,684.2330265121569,440.1524937396013,122.03823484477883,495.17691011127016,34.388521115218396,909.3204020787821,258.7799816000169,662.522284353982,311.71107608941094,520.0680211778108,546.7102793432797,184.85445552552704,969.5846277645586,775.1328233611146
939.4989415641891,894.8273504276489,597.8999788110851,921.8742350231169,88.4925020519195,195.9828624191452,45.227288910538064,325.3303307632643,388.677289689482,271.3490317738959,828.7375091519293,356.75332669358926,280.93450968738074,542.6960831582485,140.92422497476264,802.1969807540397,74.55064367977083,986.8869366005173,772.2447692966574,198.7156815341724,5.522117123602399,815.4614284548342,706.8573438476171,729.0071680409873,771.2703466859457,74.04465173409037,358.4657285442726,115.86905952512971,863.1034258755935,623.2981268275579,330.8980248526492,63.55835028602363,310.9823217156622,325.183322026747,729.6061783380641,637.5574713552131,887.2127425763265,472.2149251619493,119.5942459383017,713.244787222995,760.7850486168975,561.2771975694963,770.967179954561,493.79559636439075,522.7328293819941,427.54101835854965,25.419126744095188,107.89142699330445,31.42918568673425,636.4104112637804,314.35598107632666,508.5706911647028
907.5664739260931,249.29222914887495,410.38292303562974,755.5511385430486,228.79816549162246,76.979909828793,289.75145291376805,161.2212872540044,929.6976523425731,808.1203795644169,633.4037565104235,871.4605901877177,803.6720768991145,186.57005888603584,892.5589984899777,539.3422419156507,807.4401551640625,896.0912999234932,318.00347497186385,110.05192452767676,227.93516254194168,427.1077886262563,818.0147659224931,860.7305832563435,6.952130531190703,510.74730257756573,417.411003148779,222.10781047073024,119.8653673336828,337.615171403628,942.9097039125191,323.2029320207552,518.790621743366,703.0189588951779,363.629602379294,971.7820827209607,962.4472949421113,251.78229582536414,497.2485058923854,300.8783098167697,284.8404943774676,36.88694735453279,609.5643339798969,502.67902322886147,51.47875124998935,278.64646423661145,908.2658859666537,239.56189066697243,144.89487209122308,489.452760277563,985.6504541106007,242.05527151150042
672.1355474058786,761.6196153287176,237.63754399239966,728.2163486118595,367.7831327192532,632.3058305935795,633.5297107608947,535.7746840747585,90.28977005440831,835.302495589238,320.78006497173584,186.51851039985422,40.77514155476392,590.8929431882418,677.5643618422824,16.58782892785615,512.093058299281,226.49577519793795,645.1727904094498,174.36642900499143,690.9377381024659,386.7353463005374,936.7299887367345,137.52094414599324,341.0663510502585,113.47352124058906,924.6936182785628,877.339353380981,257.9416277151556,659.9840460341791,817.2222002012159,555.2008115994623,529.6505783560065,241.8522909004517,93.1027678058992,897.2157579533267,900.4180571633304,633.1014572732679,339.0297910487007,349.2095746126609,725.9556788702394,897.110259952577,887.0864242651173,779.8755458576238,642.0316461542877,84.13996499504883,161.62871409461377,898.5541885270792,606.4290596595899,9.197051616629647,101.47154286603211,663.5017691080558
5.061583846218687,160.80805141749866,548.7337893665862,691.8951976926933,651.9612595026006,224.26930946055978,712.1792213475359,237.24908749680006,325.3996981592677,746.4914051180241,649.6328990472147,849.223410494178,657.6128923003433,568.3086033354716,93.67476782809247,367.71580305943354,265.20236768172543,243.9896433790836,973.0105547524456,393.0977246667604,892.0465551771133,631.1386259972629,794.8113035416484,502.6370931051921,576.9038846263591,492.5176938188639,195.2429877980445,722.4521152615054,280.7723624408558,24.315966431453838,645.4722959071678,177.11067940704893,940.4585843529143,953.9285770025874,914.8643902204485,370.1587002554444,15.456616528867428,928.3185625877254,428.18414831731434,966.6548190436696,963.6199770892529,853.0094554673601,294.44889206958567,385.09772860192527,851.136671516857,316.9220051562777,169.4927466860925,556.8012624583502,936.154774160781,696.029796674973,570.061170089365,97.17649377076853
615.0072266991698,990.0538501042632,140.08401523652404,518.3296523637367,877.3730719279555,740.7686177542045,697.015740995268,702.4840839871092,359.4911512197552,293.5918442644934,809.3611554785136,810.1133946791807,867.0723185801037,913.2405525564712,511.3423988609378,501.5162946871996,798.2951789667752,649.9639307777652,701.9668772577033,795.792669436101,890.0053418175663,337.9951568515358,375.58295263994404,93.981939840869,578.2801409961739,35.942273796742086,465.59801813246014,542.6446347075766,286.5412521282844,590.8332605690108,30.50024993904943,37.348188749214415,822.6005606596583,360.1906414112629,127.06051265188478,522.2432600548044,769.9935530986108,215.8210274968432,622.8904758190002,85.347464993768,51.681721168607694,531.354631568148,540.6351216101065,637.4299014982065,726.0913337226616,975.8520794625346,516.3003483011953,322.956472941246,795.1861947687037,270.83225126207424,438.9714207056361,78.45638134226596
25.35074341545751,962.6484146779251,835.9801205122059,695.974206093698,408.9529444142699,173.29432007084577,156.43704267108603,250.24289816459532,549.2266647061205,714.5959227000624,660.1973767177312,279.9338969459428,954.8652806631941,737.8969166957685,554.3540525114007,611.7207462343522,419.6000624277899,247.73098950115747,355.97267865126156,757.8461104643691,14.393488629755868,116.07264050691623,46.00264202175275,40.72880231897014,855.4605840110072,703.6578593800236,474.1738290873252,97.83416065100148,491.61587511683234,473.4717707805657,173.20186991001518,433.85164923797305,398.50473439737345,615.8500980522165,635.0936508676438,45.304009772044516,374.6126146264712,625.8599157142364,503.1362585800877,856.4898411883223,658.693631618945,162.9344270814297,70.56874740042984,642.4192782063157,26.511310541621814,585.7755812734633,940.2302414249576,575.4741778758789,388.1699262065219,643.2882184423531,458.2528904915166,545.616789315935
941.4648087765252,386.10263780077423,961.1905638239142,905.3506419560638,195.79113478929645,69.36130087516545,100.77800137742665,18.22182565154973,94.4429607559284,683.0067734163569,71.18864846022899,318.9756302937613,844.8753109694545,23.271935735825867,814.4684825889358,281.8547747733999,118.16482762165626,696.7371653641507,628.942846779884,877.4720135270529,735.0710438038858,803.4809303848485,282.0345725713065,177.4395437797228,750.6147516408583,806.834739267264,990.5051420006733,412.6176769114265,372.01808579278315,776.4129607419968,340.80354025301784,930.7573256035647,858.4127518430118,428.99402737501833,750.8710677914974,754.5428740846824,103.12386883593261,902.5529066795667,505.25237244785717,826.4574661077417,320.04960103061177,895.5232284962004,389.2016787341631,10.83765148029836,905.3819764192637,91.28667678613355,319.3136375904149,950.0619670508049,950.6071469375561,573.4378881232861,631.8372121697993,448.4455219783198
293.21077169806455,328.66454536991597,672.5184560770384,752.37452943768,791.5790437258486,789.6181427945539,91.20610304869037,494.42030470258146,57.558760016644285,549.5288823237355,441.53050137337704,887.7041827582998,350.9150125520787,117.06701642760586,142.99168205283587,761.5106317174723,618.218063316261,101.12267612279024,84.10680611499744,700.96913145912,72.76300636419353,821.8600592903562,706.2422271564963,81.34878064189976,84.83771408519192,986.6395785011755,374.2707957561203,370.6421470668909,812.7995672575025,947.2485773838587,986.001063822871,753.3781852589416,376.2595855309158,83.50071669866877,777.1469159274368,558.404249735805,424.22200924697626,906.354385094736,111.19748230615134,492.62510429085916,11.35364476741907,468.66064199412625,56.30327568183735,118.81791626807193,117.52624677710489,649.2103021160635,746.0448792654233,583.3687650971597,962.1725484745419,374.87057952370407,285.7120862818607,868.5991281894603
223.59583851945263,963.2225394406113,12.154474689816341,969.8788267076391,43.15991195057612,891.143113698071,527.7011090862999,992.9647961193003,73.79656473539886,553.8542844013208,969.302535619099,523.0978441701488,629.3986381352626,695.7486889846172,454.5410647677732,627.5580800840635,584.3143119231003,901.158010490989,45.44638034145787,280.9631895922303,950.4114840765587,890.2637838909163,455.6567527857129,620.1325978015367,277.38118298113267,188.1211597237613,463.69840493998214,353.35222802605284,583.6561118508721,77.73463696498484,974.3948076661665,986.2107444796029,698.1617140197451,536.0963663441204,309.52761628632777,813.7950197069487,684.7311725538792,162.6169393448913,910.9271844938424,822.537242923169,949.799913291924,725.7195083883599,613.4151959357898,418.2430362906189,932.7284833540133,866.0638895004083,45.21867010618941,26.366974497252006,376.4633668780496,810.5533307818329,987.2761293149445,150.41689110352817
594.1307153521351,380.8908566310215,969.9143978146031,842.1189231357087,838.3287047111379,468.69315979497026,414.8195023376652,273.40707193070625,56.37549665092712,864.7223762550532,812.9010091300776,999.7176732861305,996.6368370739053,555.4317056026274,768.9874151805105,944.765729882428,849.6473906774114,247.34810174319765,450.5441353100935,129.15941515149498,954.0510272587223,606.17463445088,228.6428055034627,671.7006844058567,618.1282404578958,358.1627180328405,113.55759219962903,671.5731955927996,520.3077009037933,772.3183917356394,520.1635011119934,852.1815003185401,551.9068387744855,560.9379715353863,876.653602658345,403.482866212397,134.01522845064073,28.782676313338975,755.137255673619,620.3095513534647,704.0797680992235,212.96416150891073,136.37147558676978,14.54466566788193,350.587558806597,589.9176868546331,392.2440450997323,437.47492202372905,904.1586944937484,348.25546702330035,513.9894891598108,783.6530127411431
396.5427823212702,622.0867002278735,862.3637087467451,949.5206236576421,147.07348092903794,926.5876251614944,492.1162930795382,258.24438829895837,459.1357562382613,980.032575285477,492.6180939928696,328.7516102875082,633.4008543167258,240.14561877819307,75.86332810866392,128.87972191064924,128.04583895777245,151.90269351229435,138.82717264941013,640.8747448032146,181.88008439914483,345.6672833238632,896.7884099060118,473.9616402628724,667.5577385210272,172.31987120162984,192.2890188086708,40.86861626647887,168.93506307216455,278.59033903195865,177.0104842767468,88.70253375705562,120.63587110060081,460.7787680327258,206.33371840579252,364.2698610480755,503.4172708548569,690.3948286293653,39.31213984109894,799.4103989090427,627.9003894909077,81.75903194887191,873.5786241067772,920.8724005318131,61.07795985486375,276.87764814720373,806.2012797930613,748.2596903836584,184.52101935637734,209.3493233367103,370.472102791382,484.52298519102135
618.254771530296,368.9136395697724,462.53471613314787,747.4709381337566,36.6832028905979,252.43694434402076,713.3495858845524,895.2068376871994,511.6774421156661,532.1134852653156,107.17201133977605,447.41236682345465,532.6172664550231,242.47050363472965,269.243230949381,377.2841631046226,20.07119777772637,322.0791655831783,211.44800699654465,327.49735217791465,119.76213181925121,890.527280739895,593.5924535540487,679.1023191444896,789.1712386073383,498.44219892905727,86.92028808742369,537.1065418185477,586.8411180208791,745.43947418433,431.6595462296794,127.58030279556377,283.77590579872447,363.0822963986351,645.9172413316012,570.7783046689119,356.0967258978462,986.5152487929797,605.7748193568872,237.22679173599448,101.78247262040374,152.85913918433204,245.95772838450813,160.68137325955567,186.56702405130576,285.0951686938471,173.37359529475484,896.7654246264252,80.2337456616422,524.5113895702547,410.3968269896615,982.3786169086064
112.03890216805235,397.85559904574166,969.4704332753688,865.5071258939803,817.0720709492799,257.90282704493984,170.88758739006582,668.643219924431,929.3759891275857,556.7628930139298,571.6126894698998,279.97909366028415,769.4929331919369,187.04374855752337,323.6792364042437,425.43643861641675,507.61037868445504,242.40973241508024,114.83682473920354,610.6200424416326,288.6305532402558,581.2382214226122,154.36271527420232,481.1401018548175,532.5894325515859,51.82353682242691,336.6042781939206,134.41467693897425,63.37497047276774,989.9602323899452,322.35384497472296,809.8744458546348,254.64065476376385,681.5027222239293,760.2278598896866,595.6387406078443,471.57618855015835,411.8409141472685,348.8682665429953,929.5291442478258,830.6194077877292,965.0269106665125,124.29722348554473,730.8674752036443,938.3404568210378,181.23306616566015,66.49626736677749,741.1206492900591,574.4731131799119,841.828776758272,139.77237662628949,795.2673118598902
201.62732004774452,163.6559428657045,164.26579793099293,814.5747202313821,665.1972206962001,523.0654247691193,358.8304841235025,877.2005408131083,392.4451074226354,816.599439471577,439.13490857021844,376.9444294249076,462.6797856696064,301.3778741641421,747.6093801762511,502.72039009247914,232.2126951468173,899.5745732745685,383.8912213732114,543.5528611139886,906.4721109645469,624.2379959139921,116.89804070836406,939.8321236134751,627.7080530714179,334.9056146570861,139.27207266338726,794.025189270296,620.0727559285135,533.4610919763215,893.8925830509577,788.5972112245307,151.67487973275118,311.72206779554824,248.48913981446574,743.946292572677,33.53243473577938,569.8896848713165,762.4586857406905,876.7656367617494,342.08174871590745,821.2573046720129,110.63173695520723,846.4522917345182,127.48866233198241,397.2872905603673,797.2953657795537,149.91742734877377,229.2513952326415,722.2525683930663,720.0365365460743,641.1476328852973
693.9484444671,542.7244433475962,251.79905890695275,345.69599350391945,181.59771680142566,908.4505613336283,583.3917947661205,400.8514167636399,462.0058036441327,947.2833396118153,153.3514031160802,586.2298320167972,505.888678884466,611.4542354346478,18.110183820840508,872.1239089441515,932.1182824836123,565.1331835892089,696.6508238768922,922.4993811772957,707.2386343133986,152.53904291426136,576.2883601668132,606.7150463828559,424.130671302386,736.4442356247229,934.3670147690149,925.5685129067763,450.8393714041321,113.23804584075525,984.8411989623346,838.8980864459342,124.66268120326684,920.8418826173723,869.8963620621283,518.8380571260722,591.2754357449293,399.00270387013023,54.76163882203133,335.19724164590093,802.8534485980115,4.632023004602859,333.49917169114417,398.1686935909433,537.3956029379228,919.8556164127605,346.34599436596125,346.9532018962277,737.5012481097484,452.21794088980715,224.60482293998197,452.43951613269337
140.85702037979985,176.3869865062233,498.36777273947973,418.9254495045479,914.8459010681,362.3938991166331,580.5883502780434,632.2642879195304,13.094456588333635,663.5373720167106,178.03596686975143,961.0703174694552,148.66272775311296,414.62412372702374,85.34966807864386,996.8742518459474,502.1950103312426,595.3850173200437,67.07647738842748,749.9604703991778,209.90559309558577,898.0542894407138,205.13964048200717,190.68772066366657,36.54966784809488,472.06694510999927,564.8411332626164,65.70863942835237,775.5276166950106,453.2888347480276,524.3902693275801,440.76274693822813,400.763060875326,559.6403313082179,155.24024593071252,181.92813049527112,861.7856210135174,946.1154621336327,373.3093162797529,270.74467314355377,643.9995432390158,408.7341710980964,25.38635566034486,156.15259736619035,715.9722288473976,658.9239419101514,27.09599250348349,221.97216193294943,231.0747965880714,671.8927435987284,19.710537754364154,104.10858198457385
799.9160853731894,178.54466205433363,652.7461078518747,238.18278104672652,99.44139275934516,243.17219099945407,722.2669318556592,855.6964681062857,830.2198645669916,397.1835296184548,668.0851365706461,204.98429541582098,293.14773026101324,896.3358185211198,13.001923510736034,85.50853085446808,207.8862551460273,26.532203873819714,181.43543508979732,583.0415609696922,421.42455059249795,892.6717110769748,817.4435617384408,341.81735169787595,259.4234334312925,379.6924081672669,590.2949425148078,268.06364082287627,624.148907849134,409.4116521912404,552.0471808519802,436.1265291353167,294.4657595419177,948.4533069621567,763.6057941597609,140.11317576645254,868.4679758979128,487.4311982495136,894.5522268940914,799.8552559473152,425.21350446923344,22.4693083201174,268.6773593849461,541.634214660867,633.4782198261473,257.8876854332023,139.35607407282413,834.9302367992991,984.4021807035522,525.6901823026858,171.6792858483035,272.3073265193689
18.390676547466732,914.298806560499,117.75108289014113,576.5164755142536,274.055220687206,554.1780025157934,651.4203883518642,829.7418037072016,206.42127176060322,10.995828658480477,136.88563006880727,900.0186418481051,873.8900775625152,597.4131021703083,600.5168604336534,665.0366745462554,175.3712786234496,914.4119459249598,418.7705248920731,383.1385282494975,518.9177052828376,46.965966775055044,166.2833687560794,738.0336164263705,82.79866792512647,603.1521094663882,245.34910968132095,389.29561404197653,288.69373677069984,355.67271646494913,719.0459051842455,297.121715623175,566.4046402968972,476.05040219909966,663.6711653626481,936.829739324758,732.5720972102503,214.94037859075675,31.183135061284673,262.26404429982506,595.0779307002548,51.42581348425035,496.3662472012363,596.8428489168892,334.2438908169608,770.9122037458219,106.5982531337718,75.13778173580876,728.1887562036034,495.49131620619846,688.402396427736,434.8273386037462
246.4020332391068,819.1023176741998,799.4158789689792,694.6964708544267,272.1451372299627,590.2306668690871,360.9738969400268,91.58207332663414,917.3135754622427,136.8186309189614,950.2373538208025,446.00577295795574,185.13292883861965,541.9009473783582,872.9458358764083,732.2248864095612,806.5611478614497,658.7833667107174,692.2765645178524,849.1956515653193,249.66800885918593,489.4249636431405,221.20944181960223,987.668007996647,944.0593396866133,39.426811368505895,705.5751725156885,925.2483174156658,180.57534512733352,567.9452305526295,915.4882975880419,33.94597858579884,697.4202672468399,297.3490073725508,924.3961953765304,971.0582451653678,944.2664891134339,474.2142166574638,862.0426509893134,844.5493985350704,319.10047324325564,828.9154741506774,37.00763471549262,596.2698784820531,230.00883728770305,120.56688577727881,76.95320162920916,696.2887758781397,339.87496376806615,724.7667715287614,65.35634079894237,315.2903378306103
539.4912923753373,790.7231648389635,318.7525029320699,625.8913764370091,885.9777482361872,615.8631881823046,232.95947475363377,24.40078155653802,870.0988739009299,21.26941085038714,874.7016726841994,528.937134027212,939.0676985128962,798.7832357736654,997.9341105333375,350.71181545171015,767.1882889311269,401.93091360924217,479.8756203039088,627.5054632183701,873.6771141863387,984.0834691992951,768.2734138645181,417.76678216733376,421.3570022770702,737.5823015888915,238.77714576830235,110.47411313139466,354.62215764077655,287.23899165408176,296.3081204559901,233.60775104990995,42.093189636361885,17.87393473341381,987.7223897360316,427.77313373586236,384.32664715968167,679.6472826930699,218.25388786506417,949.9611839502253,786.3450144155521,89.41100231225951,417.58077578492833,879.1183075621647,944.7320222914103,467.4015112498697,613.4113892107077,167.0339460920752,991.1686261369765,231.6717013834434,942.7317741351256,649.6466489923685
607.7367948788591,512.6885110165086,230.66981171775868,176.52803200550827,220.48620907017536,186.4382621442545,779.5844735667533,350.1252591667301,57.84267656339637,969.1026301408114,883.7858849634257,927.752283195213,994.9078226464353,173.89524921948728,396.24201890265874,758.2384757040913,696.0206180537922,153.89590633985506,815.8331249906178,224.44057183666067,223.81761482262309,536.9744228934136,592.9399348417031,580.0862078378112,91.48683739775487,877.4608626303803,265.60004258870606,129.51492128280418,888.7480798689772,955.6514982297533,862.1276172654506,809.5160747248781,655.2419806390217,550.8573706091393,86.98675991141013,408.4532130706987,372.688517012314,259.7537837603262,723.4201136885849,495.8757350787708,81.04621590764793,220.18320194981135,683.258763659596,76.13085949030018,851.2069140487687,495.1465270139743,480.586577326648,592.4077846595176,824.6809659251492,347.80920790219307,678.0161525590636,565.731963995791
267.0282701694213,878.6299863551579,797.4260216069281,658.4518346584255,850.581729094242,867.2942009598023,708.3629767150347,837.013328363672,697.4714616692836,680.1407717603004,618.6113782151843,752.7166395576412,158.6051052930737,880.8707591989285,871.843527745232,29.247283034559146,825.8167505647626,128.8698674734452,335.11885425914187,743.5082562916077,160.7598960483082,817.9670241190622,832.1341779577419,507.4677337608362,6.38587171683358,287.0381331749128,616.9269183757422,981.1861780274235,631.8135270166683,259.8035810641598,634.0057030996113,539.9853797158555,779.8453951511436,106.98063882695841,761.027902502028,541.2665786761103,962.9920038589946,341.8721660386861,632.6218931339481,932.0281055100174,102.50972799067925,937.2284872364511,687.8857223008133,67.8370591051719,300.96356694681623,708.1720886452816,67.3506014687717,582.1704601762733,345.88305695295674,620.9155177674771,45.74203381251285,871.5368061523762
973.4889691773969,968.8778552856915,749.6518317429247,130.08624013063198,758.2631959290226,24.58691645880151,22.123551528997254,323.61021914954125,488.64319040466575,770.4074178077932,683.2953766065052,445.9027063767483,273.62666628166585,997.1245001577112,426.18130223597296,451.38702432967546,163.62382119166918,794.8095487499294,693.6822257814887,220.76961278876038,82.3810456158427,680.4993020747131,654.5112142811353,273.2595269982093,950.8635622504104,151.05789178090023,432.3348010426019,943.6159201675989,419.7273169261223,638.5259476640855,397.5943979627943,274.21520234867,983.9776479598282,409.33400631504304,894.0992036791345,229.95460589108617,213.1047040250833,31.13408288451136,651.6668253758851,368.52634372376116,864.3582498396371,473.20990669155714,968.1934279147217,185.52551570312116,868.6231679556108,776.5968527917418,770.921844644052,844.7832281168877,761.0239909429989,626.2203216314153,131.24487768238757,32.526179491251916
920.8478478156868,616.650314520738,796.5372909761763,481.5223515125501,117.30818896239448,125.18579220255045,685.5652872289713,430.3058948994627,200.5247267003367,491.5945467414369,64.20893707513409,581.9714019143988,268.99340443509766,797.5591006371882,310.36195892357375,455.2201490818012,11.620539908100636,72.44688779455888,392.49355640668483,479.9388347171235,600.0205481193037,291.66257870930326,694.9818861265426,860.1223971892045,779.8509888933498,39.61882534835715,480.5069472578289,104.93017841817488,242.04501586252746,986.6625932671465,142.49554290151323,498.88815345135606,618.1557343181191,702.464970544104,559.6486834869141,9.77084741918366,326.4613082439919,517.7116433847115,87.86649914483336,350.6269312091808,33.20310879136657,78.57849715502074,396.9232762015961,132.71575404306034,567.5408482615582,689.4649691372657,800.5866991090828,200.1502442448101,167.48258225906974,104.56784033440026,636.4302495436367,706.4757264869012
31.586144825642037,936.2122462436898,51.97128365147241,541.2963353010705,709.0605194509164,870.9691237460856,714.0869321324278,801.7280830697919,339.45019254280606,814.8251137465122,80.11484638467515,894.8166560605276,547.5923761537363,817.2977699624937,452.3182845183001,643.5776951965249,526.4026609361132,731.5895217553318,81.62998203058957,60.3520839905638,247.10323401014645,159.54468011318835,871.7835665922017,219.2139873580443,975.8652558191313,336.8957917711069,182.11791568869927,789.6985071424791,658.7077755008761,498.19571645313897,555.3635509376312,719.2017782722638,228.45474133129872,996.3339160567419,974.7931621467832,650.3256863469369,199.54245092914513,680.2282424312913,72.19840897917584,30.652502205806066,257.68288851121366,462.6229567393163,868.2725054083805,727.169069766308,742.706521199981,425.49333444807536,345.9349925469629,371.0387629846027,987.6495637360579,40.10919141248248,867.0314961224485,578.6754085723934
438.61541918959045,725.2576604151365,486.66894142470284,873.4232380816605,900.7018640112585,421.7209268734554,276.82779723505155,592.3503285933622,912.3633456166909,210.6621890056666,622.9665835634828,631.5602200925206,733.113022415281,131.5676851272598,715.8249646820885,909.032520665641,179.68310887024197,237.54332492387763,971.3950940416396,180.97695270948978,854.3850933695792,492.2778564480348,247.23107440317705,870.7499012725114,445.3052550026655,514.8173539296902,359.2333693997657,592.9508514349275,163.52387258502276,391.0815366517607,969.4123223352875,258.13343270112756,656.7366645412922,325.1900642246949,773.4731256866006,130.87366071834984,969.8210450785447,453.78954138363923,236.05046334646397,73.49674733001265,169.75790508754073,519.7739485560177,337.0031764312863,828.8833658826095,430.8875236618059,248.7142725876299,617.14498660403,706.7772168854458,167.04190790094987,167.61921628831766,36.671426933542975,736.4020150656405
663.804527621805,474.63087574981387,844.1704489691971,805.6701529500532,585.3543643967522,868.2712805132586,205.84121003676825,111.91961939772787,269.7496115169896,57.08685608931485,531.1695280010321,936.6056922949615,39.34354066850965,122.1099140100268,452.19902828343527,933.8750175279049,316.1561049767505,507.23480868839243,41.5728590503921,148.34320096208887,986.6301229588469,965.1186964360455,4.939980934409616,951.8117854232389,639.1199378155004,867.9182945200221,454.7398556338591,515.5960285792503,488.84658025692016,666.8642575461043,139.6512547563129,29.97358987267795,307.9299415911909,704.6807627366467,201.85345212294837,673.4324333249173,969.9120461072705,93.90071578941838,672.6021182251263,443.75021930457115,868.1422543775053,177.1497894473859,692.6259522261645,838.1152896481102,944.6142194740232,683.2480282896458,497.1747640084273,617.8472402012138,868.9049844787182,570.6097466388297,30.38705969683686,930.9486955069777
689.5267510315612,676.5133857772465,215.67515239771717,658.8854702326572,393.8644056541585,651.2329770414921,106.59303030799072,657.8453046030361,999.4137257706666,48.21203886055603,977.1741842213173,406.9079607228706,870.7534503372591,782.3854840582735,567.0162609866678,738.4492092513265,878.5155613013479,404.140321651033,327.0331615632387,667.5933855635847,807.8459419412586,762.2851347766158,797.8136488586345,435.583314812933,817.8342161750217,120.20905537060844,544.4890979608496,5.7586604981215705,324.5858299002703,366.4615348713979,396.17269160925537,695.4672066898622,388.55810127034573,448.69362262253065,237.54413087432746,373.25179162934006,227.26962726315148,73.19592376844363,603.4485933813779,668.2127985550162,619.4903460096145,463.49404380057234,379.7857801792298,863.3336495718253,519.0817851362181,479.181877629731,25.64206580643569,341.2478276261564,380.19561878585705,398.8227808969005,580.1723692273323,533.6025467268785
607.9050927934446,764.8832615421283,812.9857387160935,718.1230762264944,955.5236959549347,18.23258267636163,195.7779856835461,7.56287497814212,647.474714154603,898.030548949987,243.48229657629926,927.0345447963066,60.26739028956085,934.4360268055143,351.6226872396344,101.42082844921651,485.8717591863256,256.77656772050796,284.8729019619228,307.2899649262866,803.0258978326634,539.1612766752545,311.30769915600365,610.3337833109184,716.1506742231936,272.62400073353376,413.5491015253515,121.88609333694755,181.1493495346803,681.1178539649828,181.43834769562693,525.1633836670602,709.0462617224326,106.87692309474383,567.3122196289036,256.56278370136374,962.9268752375798,483.5456467199247,805.9925497751581,550.2265421562618,43.41253285481916,633.1513755940224,951.403342206657,601.6118201463312,819.1888594267903,884.2064633484079,228.0797719489325,212.04483990822663,610.9809888509917,411.0284698067047,839.8613028667204,900.0231233980112
353.4213793027181,236.87055897448207,780.5255152438618,274.8060355481361,822.6143185136784,423.73825364876285,667.5498992914704,95.53531383466817,623.859324676573,451.7676787372291,586.6084631754741,168.01420774486343,736.8737449441821,862.7970775432285,216.73980009077565,95.71455552016172,23.638586046336396,641.971500443266,607.0940360887807,546.69741271407,231.94709611597543,390.90599590551466,594.4763351861731,496.76685885916936,987.7855202148874,136.43975255673314,695.1445540475938,404.31876810429213,428.19961492561475,717.5977656581763,692.4361513243697,991.2559937021883,128.39428945412524,104.10964938416633,724.3388171287412,578.3869170064091,274.16066655980586,79.4193689889866,85.65824959643054,894.1908746641183,191.8673247187429,323.37156211552076,226.656402226988,354.9963058319373,69.42384274609337,519.0597909082703,67.6125635922149,800.3565078223616,233.71208191043303,540.0119146045106,880.0790875614582,650.8773690471942
532.9577865513353,324.3337531153756,333.00191305819794,669.4869551981901,994.1393612211675,661.8391898493786,557.783417370025,730.650510239246,465.20561228371815,60.14234260078521,562.2968158779098,957.6252845053803,175.30294235765965,690.0048908206658,200.9336886590565,535.8276844730813,96.67644964671962,450.3709362581851,756.1633288952461,347.5715242389821,664.9117244872181,795.4499607897292,927.1778194794526,234.64208185545354,399.31591580930814,152.41601333041743,992.4835021583752,927.0009679242953,539.9571302805596,842.0332943764213,520.9579772720422,623.5856880027598,89.12443211601662,755.2704204968079,127.71348363523482,826.0676302525284,782.0280876703858,708.7446977429764,36.16038052476212,303.1283559453286,263.11256991084286,360.1364074715191,87.64274676383855,936.9578230310627,553.8022407123763,305.5243106580235,396.98151707428343,447.20254050483567,600.5943333606173,515.6794276964978,919.3919732144174,496.96348290583023
992.1580148233127,851.4249577450958,208.5105143573358,930.5952146439163,116.36639788547609,817.4497084911916,380.6232934765801,877.9743204450696,868.0566901074503,805.9254001176212,790.0304363070613,304.67913909804076,80.91928305125218,402.98017876516144,173.52451498650868,694.9510889024617,346.09972653778556,975.6102008599149,640.972077345332,822.4805636343609,132.52467274184843,862.0144822726226,922.7571905133943,487.0619188189359,606.2529377509775,764.8098009029954,174.83862726041255,502.5660764634424,398.6630277723131,146.37399216224912,367.5344222915314,68.17230938549356,25.811906949486985,135.16628915482275,963.1151115891738,549.5295358950169,965.8221611532199,432.497878330132,311.8161330852596,506.1418628402441,439.51168863291014,105.66468426174391,640.8263146902062,216.0381825095996,619.5879548978296,650.2010923981534,152.02485312864812,61.34962711066816,780.7615860684398,459.80042376932016,58.16379550547579,994.8663171697672
57.78056099636664,695.0352288585532,983.6789252634136,239.1801042159256,142.24936868719618,121.3849394224289,303.2751475675955,101.04581101064669,692.1613416941319,62.291798130062695,509.4221281497897,996.6968538529768,813.9702695060188,615.2194382310109,306.2536207866117,623.8958362916385,527.0414639116516,426.08338389037146,130.71037674019948,886.6042152404667,449.7846488213225,194.62251182076506,367.7593508772896,414.12975252892704,827.5378955668743,733.6143805614021,769.3048936413398,11.031264428647214,416.1539981797615,481.3441516353236,19.192276823056687,259.8132087450342,760.289823122135,137.10970572899905,535.3101314525917,215.20187201723752,12.120774643893274,241.20145759954147,975.8737549100538,801.5371118829896,959.5766443210334,487.85404392636246,109.73619867750351,547.9594889736929,454.3773345599609,844.357082739616,98.08258078424458,488.2411370217782,150.04866469398425,324.67592689006,737.3570773877997,476.01812936876655
375.8882851457693,394.47627857003533,459.44676840598663,785.0165438370569,892.0846889402344,955.3346865039283,786.9033862552951,315.40689574801274,688.1347060865421,437.6031240553919,254.67062204605116,840.8715794259226,38.426348962324994,901.7619921354235,461.4774646247342,637.2014768082804,659.3539222057827,895.1177407065363,636.6696821672073,613.9335847600618,66.65204056068997,518.408021945204,150.16900081704165,737.4337687214855,512.2219208126745,680.2277792083534,41.67290060238427,84.79201604580322,716.3233880626823,72.08433599867337,71.2567277652586,12.10847523488745,956.5013982994801,737.5083594590069,353.2514085020642,296.53558128765525,349.70322974584957,774.6535311811818,661.3706110704144,185.19556786746793,174.10933533408434,98.39564971339732,660.3027197013381,764.3726622217359,265.046428325004,20.94496103091281,82.17166747642734,967.8600348450304,295.44477747742025,769.2231478381336,624.6635688542638,381.9396396528959
205.68726219555512,121.38641815940643,615.0129680388666,774.6337806377879,643.9042535411306,530.3021332491583,41.951223431636265,968.4887775943838,798.7141916545746,292.82203670096476,979.9703293588507,601.8815896363221,582.4226582072465,748.0731794295322,811.7697880901376,656.4786073315026,128.09574636620002,338.2675059944984,928.0836403260497,224.61561184385192,372.16702383751334,432.076882944196,439.4049896944522,612.9395824945256,943.0758377447077,240.69271183250495,121.50137630091807,197.47048985993732,886.9249002092695,645.8108126552061,285.9067892391601,815.9469389686172,861.369996363436,846.514338690278,918.9265336395545,252.2410201733616,755.0419287462782,460.53949727414,841.9985528900615,728.4906771616132,776.4474464997246,656.1618376810715,177.42876946970688,545.0269188969384,984.6697395245083,937.3880664971189,43.17373579701167,164.81481572943713,131.72877345456192,725.9799099852955,817.785329856945,213.51136631067192
505.852692951829,840.7030280112,732.8015447662506,542.2372054918483,590.347690458773,508.36054691628,297.5484513188206,565.0219928590161,688.8853020500907,873.3229158608077,636.2913539792481,761.121537043158,160.071634954573,461.5574744197899,9.331619827093295,246.678864521623,726.4617151130049,991.8099513493635,99.17809958721591,401.49431586128827,800.0709686991595,204.03563462889883,555.0849493022862,733.0712960296748,615.985450260179,188.02473461541612,355.3845686857394,783.7917844853972,554.2265141320166,5.229613542912737,760.9907600280939,35.31135494023907,745.7337827312322,202.48056016523742,958.0734801193802,367.9407513020845,326.9316163380791,148.88805033244466,305.60421549021487,876.6507618282005,996.3343376272474,368.3095305068483,448.61063095454256,722.070938202737,886.1957804650746,593.0443341867841,391.5256981778293,412.6218408486237,695.6181464968068,3.2182636042786816,619.5893374598406,355.4930104413574
794.1973312770842,92.99063982313216,588.2022669483905,480.97288988612377,642.3255259052274,64.85359448296835,579.9837874281313,561.4845879595238,560.660094416171,603.4876665964548,676.4679372263622,804.9889996807698,269.82072012821436,825.0494101800621,498.25568226345365,77.05827913433116,58.5509292439792,334.2383186960608,784.8969771114675,707.6809347409157,788.6149646724065,517.2690564416093,440.19899795549054,147.45252670628395,328.1927536093115,434.01936617387526,88.60042967961724,220.61195271121125,598.2252940637388,735.6631142391899,998.3475113929496,933.1133313435577,642.5651995351915,421.248053294072,636.1773647082327,785.651618080232,118.33619092338732,409.90488969628825,839.8022856356172,383.832951933044,571.8722712271865,587.7693608621983,184.47625313363935,362.2354416522884,334.51128874193216,26.196708532064793,24.191763891355244,831.6970436757734,273.0708099728124,518.0787662388154,298.72557358877305,940.6792451153406
259.29675886577377,429.65681273893506,872.7302504846018,841.9335667918086,186.10141784627731,802.6433097957104,458.1868867378927,482.9688720853552,133.4799724159438,80.60151375712465,727.9393069737652,496.46115235529976,436.85070261517956,729.5082286523967,765.5128989911098,158.90816766935356,610.2251494776413,135.35408227768554,751.3750860290456,656.9551562671395,956.6146210834579,68.95801635642118,57.05472115125432,282.18707469320015,261.70568373590595,246.97879907199982,906.2545805210367,249.5461998495061,271.94972612863097,759.3982624179637,449.73984245054,776.7105569551812,65.36615756438525,487.5711936733843,33.613600183282635,62.65320345535452,906.437453344411,139.24537111759517,532.4206822752171,411.09560260070657,347.3433262588427,899.8333456872724,21.8233967754895,663.789686175589,963.3944342135504,560.168183461842,936.8224620330918,52.257879286023766,418.7933190741614,260.15779096205114,730.8209649807297,981.2970904972467
256.5300624442478,654.1746014740745,198.09763275974012,565.3302545716099,463.9324866883362,972.005329631537,608.5272726964665,349.50637208681877,114.09578488793338,151.24682873493455,225.3169299512351,250.966661340298,850.6160578411378,561.2227882825249,523.3909113743664,114.76887186921746,860.139693349435,722.8143032084837,67.66836190000159,707.8350972297686,543.538217342646,81.72534574677826,458.30064152865646,484.696287130047,165.77454016327576,945.6981470002823,849.9753714806619,669.0223373291083,462.2955610006072,411.7655415845085,650.9734671509542,545.4318694069054,62.27310588188561,512.5026487703317,806.4036172328395,459.2398775969581,51.956577554268414,786.2781993840331,201.3637821359744,258.62083488803876,164.70635343229588,330.21506487149753,756.751505688635,519.3858595039374,204.88127415071256,877.8300781520409,879.5818549515292,870.5784250460069,238.79621138153928,451.2393441809881,984.9896561408751,772.0124763099903
27.167421225559817,65.20459126049205,463.93137681233276,909.2202058615602,538.7017979527142,497.8125080342902,105.47369995663058,656.780104724294,822.1031606002255,380.42000750756233,775.6118509253274,964.4766539008116,203.7664591276891,523.3296311947413,287.13795808457553,792.8544190338393,577.5933658811575,634.5824175503037,797.914159615894,395.9704726624549,915.0900684070432,533.02886724614,157.954822835348,695.8991181688025,793.2613504382545,316.76167706752665,857.179256998753,906.1432547657664,276.90448737780895,983.5214727152221,140.71152804875842,202.01566840248998,184.22483923802614,893.9897100078704,654.2925523249619,152.10428322227287,440.323418368349,615.2980250698021,83.4640849893833,882.4163684073387,803.6035354415352,505.2067735766382,967.1266152591704,417.7609792750997,984.1103190364978,667.9199988036271,634.6712732539414,165.954895295785,881.9277583046439,427.48968792061515,162.23340578247937,12.60751997575904
559.7556836383826,527.3996221226763,719.3536223691585,890.2580530178021,79.40658464302952,731.4964903403624,187.41194409758222,858.177053157164,819.0635138616561,540.7937549855444,710.2427986233115,314.3501131837484,471.16789893281464,821.6368977104717,459.2651971732139,357.7982653254418,494.2124472502999,828.2492524372184,335.20804737087275,173.7615931357438,712.0140203307808,825.9782127080819,100.63747852353333,239.87411275594474,141.9719897609939,347.9414115821666,450.35097890541266,748.8263369633065,651.1475848816741,620.9285674784312,352.3749466096544,841.44755308476,471.28716739816457,979.1049380151545,634.1421382957368,126.26474156450274,676.177562075434,325.104015431699,686.3271966860974,69.64114816240574,174.88143717595938,855.7372589057863,227.1795570235149,837.0411252429401,279.27608845441046,642.8819100587076,694.150573509831,512.654753145053,305.31067669673126,212.64437637109612,33.18935456242622,303.9464012407238
653.162790531283,938.3048184484827,871.204482263052,766.0647765353026,788.4473432532986,664.9849034759952,260.286857566003,907.1950307058298,670.7323119058341,560.4406309804399,110.98946921348107,447.0555438064254,460.3582712019263,864.5636095226699,546.6482201877885,380.40054897040966,976.8003285106594,110.72059332631568,422.54842831194463,42.02467517140529,739.9041207669303,918.0765521991507,280.03732955048946,858.3416767991209,292.21823046189775,910.7701616439152,753.9619035967839,804.9067768414386,18.006555600454497,962.810357074026,726.6709920703232,304.75109538613333,829.3946648588469,281.5211984149299,872.7538395661279,112.58039041193702,703.6859774607957,540.6984766449103,96.53447019544082,241.893828258839,12.40403627731479,468.76796546450583,301.2652607600004,598.3574842977588,297.2378077086172,299.9191115069847,743.1931987316034,48.142835978353446,902.8949951919873,852.2638743911815,667.8046832264065,593.2215701073843
892.3024981396522,185.33017952871444,78.96916219082861,239.5101699095381,794.5782787001903,34.67026672648332,582.8068350834897,995.4375161913099,855.6960938375394,521.4456890435895,63.64090928664234,831.3735143857099,598.9785081772105,114.93299705956683,93.8572848233562,909.6268194365924,669.2002629380785,829.2867993167555,878.9789002822673,571.7723520483222,517.4463517550413,430.4274103209902,316.94658779111927,434.59596085871175,773.8796557301564,601.9234310151315,892.5232899548461,443.38001437918774,607.0895787187541,631.3075530919887,591.6971623063255,702.6337730855163,237.43346837480627,512.3637775457906,104.22480280834768,384.5113276448125,487.66706862126443,652.2242595454725,950.5310525862035,600.6510665483559,743.5939161765598,506.26605949520274,634.1040313763314,70.93221613377342,254.39158084184697,361.8530932051387,472.4933550065136,45.64874550238373,140.0240975533177,276.8143077913058,971.5326909010506,331.34700710305077
482.0410581120825,196.09771273839294,610.7800710757682,280.6832155159743,206.9925784384268,516.572628445979,5.505799160420821,7.6640326492253275,219.06880910185777,36.721362500821144,108.02575413069138,338.8606493387516,802.5856795798129,572.0486433693009,512.6677259564165,293.48882320812163,931.7537194328164,397.01504123719167,87.0927667957715,617.0665161178013,113.83839347660141,345.22314280169206,507.4119387178089,874.2225246851758,493.5465803401187,702.2587660316642,992.8168389990703,131.48911989798162,274.7315255195195,394.5760755976464,421.82817853883137,411.0210752655458,907.6110025565549,714.0326444668565,607.9052140907038,309.3727178627821,823.7903842212947,955.060511484989,821.1982825502265,1.5651051914729042,636.401370183407,51.13538144210072,257.60722033372184,59.524700347771685,603.7954529493877,686.5899134926068,114.48763806590512,383.83888304497947,456.23650895554204,369.0530217609166,121.02500048519305,418.9477901874754
751.1780478084181,71.00766453325546,80.18001408190345,354.77129183598424,941.7257116189251,668.5726467229141,678.6699566725648,361.919990837865,593.6607912085384,10.131184027743378,636.0960464095422,913.2869475762367,612.5734683448192,873.6985934663451,723.9730554660938,120.55841640369025,902.4533072858417,66.44384435577489,533.9674725477638,142.13712379345768,11.706610730904066,422.034260127639,295.0407076541562,486.00049379760304,577.1998867345508,43.73907230894736,123.00329512374563,558.6423964504254,343.16735317265824,729.1734875494479,652.2916485919396,845.6043629899068,692.4928266692253,429.9310773901481,672.9666223944324,275.3811742554185,306.3134987782127,788.9851599207933,446.4195164015822,798.3803405183525,822.4223736682784,857.5623376612838,916.6352358412073,430.9852205132962,318.86681832113885,582.1987465941139,371.1724234376276,601.074166800233,705.5858626438246,688.4050184921368,374.5528870201214,166.86020169875283
430.52933846220753,142.59414408190872,890.0970351838083,345.8774607378574,154.45974722332377,25.44775990575088,645.8223862864843,636.9023174547432,340.6041665812917,71.71188884765101,409.628894895232,311.2174950633936,677.1206397350094,605.7792494526904,364.59372819754,217.8925542549901,988.0359661555918,454.00162119611485,688.2742357802371,140.55296757836078,485.5896996593978,27.536719869465486,505.4551179104499,964.0174071177023,384.2067129858002,38.99601257491159,30.955790919343528,387.9867599468695,160.02493646319405,23.35209632818591,756.2136139501769,458.5230088818907,289.2447719726545,900.0831830164807,116.13896020052562,955.9188289553192,313.96671737735284,888.4036723086813,602.9428764794616,826.7073597414875,984.0131632104643,288.4054378187457,961.135485407593,389.4818949024204,385.5119047369223,340.3871042545057,541.4076073475852,154.1450431784871,553.7114853580111,541.704812410004,761.90181260487,833.6499619375855
440.44135031242405,302.33324935149375,259.3348973170945,194.62383670487193,57.64758219902488,342.44797883471335,270.24769213078326,966.4173858664074,557.7088262500439,347.2770390305075,580.467600993696,139.19670134569552,444.0437492022029,626.2343214210638,488.89783179245137,401.77880065432424,993.8483888996982,880.314762148927,623.4059581594402,569.3773611822828,620.6604798245841,201.31210782243326,395.1377432643186,39.45953289089932,475.54603748682666,543.0245839576631,227.74973610320959,964.0288471655138,909.454610937242,722.1432354559058,533.3866287653626,869.9691596476849,130.6523438234629,790.5097942748849,124.8208139668483,794.2106625494055,275.767568251357,877.0905810181889,944.0420938253978,148.79596940511564,462.67560506539354,980.9873781626851,483.4074359731466,863.5475225145451,588.7315221313198,375.32990791960185,285.7835555258702,203.22309108608727,761.7981913776972,386.5405068230279,511.2754622007512,492.3254800011819
577.2790292331313,865.5771456245523,980.7393435834294,407.58420857381697,827.5189221063031,764.5277946547177,573.5289514555733,956.047143611933,200.47451552840278,109.26421030962142,853.9619669554221,439.1498166337483,846.9688542070604,893.0902051954149,62.45759361907144,883.4647629860607,448.3190553694222,510.4324890042322,626.5925110932102,926.3826067300868,19.11609442976403,476.8434683178171,687.7220424305607,722.7069576982285,692.532431537108,134.43512940812187,299.39558837168124,358.71552541701345,804.437207679505,278.759872414553,210.70496386720316,957.4480190380962,8.8632851134689,997.8208556819782,676.8212988573956,828.4692994491171,294.6193963461932,14.315277667059977,737.8695185615301,834.1445970006757,740.4761319535191,142.8502873008386,753.427922256969,768.922782107641,658.5405156700549,766.1159327955862,845.9214396777321,613.6041142374585,88.60471396967907,487.62780966721084,77.64933467160506,407.54303103243086
407.10648912562766,66.00984414024158,348.8205339694793,110.99809879131483,808.2352100092222,947.6880259644707,72.3164752579386,955.1152072917014,522.5765993367452,299.5656779538739,76.86207527616351,500.6242680704178,794.5155444907487,707.0864772666981,50.22601146397376,72.90183536790352,402.8732826326371,295.2904940479433,232.38432305604783,281.0044989087136,803.4827432968847,929.2280536318539,405.1026945275664,906.1110021324971,321.495701247882,476.4369863437916,226.02899781599973,640.476042175844,978.9811151748089,603.4930960433786,357.81408411354886,647.8174459905284,122.92067846538757,888.6590802653986,503.08395077983636,449.3497420396421,585.8647884535192,624.7838627894024,71.77580622651303,682.6172212234025,241.93168031552958,713.9526325065898,822.5347943841967,803.9585075525202,552.5009674078891,520.1698923107512,142.87596133941173,775.3461504031355,271.40938044671435,496.69542281794656,284.27409292751673,133.82836299969313
629.5576968917366,54.33203482290383,748.6452341262,317.58679526111666,0.13469300448532007,511.1291392372298,46.85190852760313,276.16955782089946,706.9764874557162,62.68962162186587,839.3384923560023,3.819922658583108,246.82386920190226,740.9040561520715,316.2701497293068,101.89238806601352,360.2339188004279,270.39328638452554,842.7119021605549,313.34791758514314,788.9324717760072,891.8721448107348,433.8174195765295,909.943143854392,377.3180539631928,964.0784164901082,89.28952452557293,687.0192665032428,493.8140404569287,387.64880545564705,632.711878748601,703.8570916343311,4.363269650309087,166.9530887471987,713.0460506343187,666.3854135782065,966.0475051286772,761.037790250783,950.7727077313381,702.5405015348069,298.05220863944317,105.36492225085648,781.8238633449356,644.149221475916,48.18601239329623,360.05046590097834,956.7998154842861,500.4011457102012,432.72913601970464,457.699605159294,208.8827240051637,368.7071708647952
369.8132559871766,52.3550201874724,767.5676285179183,416.504431903879,822.1798868164233,850.3480011198953,211.99405469865806,657.3534821701286,472.2818041629817,880.156737921485,215.7406791764541,677.8132003100442,607.7521222527225,295.3014775718328,136.60090365117262,651.6397604772766,738.5974581323306,315.62734376335,644.8326040223138,395.1309076115033,713.2068832826177,199.2152748940531,890.2150026361744,287.40959646557974,367.7859877561529,58.091952080349785,111.5122123212764,515.8619027123282,267.5926767279715,835.4802257421944,14.693388654953843,379.0940486719362,337.34554676909266,19.327630917601034,124.36839900051022,413.6426749186353,492.86458444744665,404.2897472548691,530.9376784120939,595.1316749056815,9.92382112783563,464.09515945350387,963.4992408875884,519.0322801295487,677.5422674589532,311.8638579168832,773.9913781527625,772.9214818761151,521.296047654139,976.0138232792136,125.55021476265338,16.94766488958099
770.158211757096,807.1555373648825,120.20722912057624,265.58283295860605,17.55236336662891,293.3086107805647,773.1418739186715,517.9605277125789,348.0955931682881,371.7392949063303,1.3536257154681541,299.8005275652359,646.4587416379305,974.1944438163571,847.0608269838995,23.594964645529124,898.5606046748393,783.198413298626,780.3761235709804,457.9957590035715,398.0052929545028,302.91572883319265,65.69485895436577,228.2353634936991,246.60363497802462,484.0770697102016,747.444406596694,473.8098283979466,57.844449447160606,957.7898009882039,942.7243190941123,785.1895431484083,991.3279015642206,544.482332800263,962.7683502532061,75.60504061675077,365.6807482613713,225.38126800676582,195.83308413427002,140.80294889267608,622.4136415659966,781.3218557473051,578.2983994203606,146.96270958820966,811.123769933471,635.9547071637285,388.16570612699553,674.1302955360629,259.90497924283284,345.1922084942105,917.4858431319902,290.50450567142036
469.9882681579366,890.1411373960146,707.7213502675274,62.203226164702755,147.30304427897033,7.841590771916818,630.9217902291634,447.6734254104183,134.27485090227555,957.9341210567704,529.6597239456199,241.89329411288918,500.60357115470754,679.6203327351078,76.23921797356448,274.70381504789196,806.9654908839937,459.6648704026612,546.5771420322949,432.8160022094693,43.89994264300512,165.74977982015594,445.5416387418909,209.1854654079278,49.97902865967874,843.6496640518237,981.1925291641159,793.1428739967395,853.784921704667,241.97713031704538,960.6269755131998,196.92570445342838,951.4298103618323,994.819293965951,711.7228057460487,981.1437317918219,569.5397795671037,259.54178317609035,436.99588566562085,593.560935378786,73.081562027015,622.3432646172461,981.1778367622945,190.10764978372762,792.5951162883833,907.8987937796194,943.7015928202209,960.1356044054472,521.459638721472,977.3079079915037,757.3102071344389,161.6714362369619
476.90010646797,718.3311753720039,247.34031581908334,640.6151835488873,666.6004790466193,162.6997438085659,565.0853124527563,771.6269109786077,498.89566453594193,12.103116776107425,9.038469079292177,357.0293439700122,926.194068431782,228.67677960360876,634.3636888716871,222.07587069332058,321.6699896595486,848.042089601484,728.8614422699469,95.39927731321063,428.70202098643364,29.169763645264467,480.890146603009,662.4340117010681,118.50262359815156,288.88493890916567,397.83662550215695,919.5310246560498,993.255015422964,44.91129899561586,761.007923495392,371.7240664023432,392.45818622948,754.2649733470226,918.4264321454086,950.9285945025484,577.1225860383208,357.1211593005028,787.5490858587792,251.00138326230027,564.0740288335178,358.57846152487315,656.6310737078761,240.3989128935069,191.59294573482578,918.2390866754371,101.8036829495369,505.95790773493167,220.8527829630089,38.92996332566745,36.01881829142639,175.22177210582734
866.7703545060002,282.4787439770267,950.4591705752957,581.6222929891935,436.6141897687661,580.0888346694546,516.6983852262678,758.7762537573252,282.49606597285225,353.05039160030236,894.0943025332507,946.4565131504055,892.5582274864745,419.4479939573136,780.3655030068817,476.3357333010988,497.5398521461022,204.68010905728394,591.1303032585165,186.13589775334793,331.56469906719377,855.0302016199352,207.07580921085523,71.15828517343282,69.00759261281631,940.784520503108,506.92043796183464,409.41207181701833,810.8785810079185,835.825927910516,332.1910331156046,693.6180574737953,771.1228158518866,654.6506868659545,151.59507480009938,875.883083517057,539.0945527360087,282.4724263700037,425.2281854376939,37.57109039890738,127.86680122241756,765.5467505158608,0.011634755366141114,416.5658284822922,522.5101810855884,54.6344200009723,973.0781629723328,226.12533124967194,304.1987196362809,303.94251225502734,230.41666211734992,1.473822086311416
729.3447940879963,966.8454997992853,224.29348328504506,663.0471918034224,741.8963269587151,848.4253790905248,422.62919701360914,302.9309056404292,325.2951340230311,712.6213330985129,816.779466505636,181.61396775660265,370.9410081577652,901.94019674915,806.6935196947393,984.8584027624759,754.2482596820807,393.1952010279223,590.6378339946377,661.0142542473203,78.45581631712395,544.496959103865,709.3208284726096,167.32130400106038,780.6317174255571,583.7727805141117,952.2217856975947,42.422298206891696,265.32613755546697,601.5538792998241,296.5599122059307,714.4241640712422,759.005282521931,102.51596406647445,513.8544642067677,508.8905555910559,369.28077021554105,932.9248625696721,827.5063198732212,697.2093819096368,714.3266357349976,461.7161438131191,920.9945210965759,694.5954272532854,728.9810616558165,861.6909037873453,274.071589342191,807.070903866703,195.24060295649204,345.34195224488786,335.6104542698427,978.5254683891405
856.5372237479269,701.1698615902598,727.0567616153901,562.072794402571,947.090667108519,496.25875288236153,380.51770986989453,163.035336931591,786.2056522610579,734.4439320755914,384.3550385241349,25.19341395922936,838.9973277180108,11.417983454073632,703.6997796290509,970.257109726057,437.66132814820344,234.97340499595276,704.8710100433817,817.1281420155851,546.4303160778474,967.0352752561462,51.6687216579611,504.79559830452814,718.4539473225501,862.640471149179,179.25561190779004,800.0034817636814,552.7070757185453,396.5536819899632,131.71502857909357,865.2957589089124,157.27320817971534,309.7878592090992,290.0455319624369,871.4140341908543,672.702994208898,796.6813971913723,250.46789879249897,624.8740996069989,571.7459831437487,832.8303767882711,906.0870604812606,12.156771477386808,674.0199190587927,51.83579911972902,548.8586650773559,287.6327290436782,306.7765995221412,352.9585034523566,621.2924490496101,334.04996566876923
732.6990505902804,404.5273855738697,68.35320030995862,783.7598424841073,285.758324592706,432.7668795992626,685.4438832219015,332.456157148712,56.58565614671562,373.9210470128136,944.4485826943035,641.7343972985582,671.4791486672069,632.2821536376398,198.9921389594368,418.33386410228013,750.9397983633182,101.37289755315915,277.8527760897123,276.3191084658536,432.018927594506,980.368740942185,67.50254668382195,518.700994380595,179.36468201221047,970.6765454097441,113.3035047274642,403.60100236159127,737.8849848346061,704.5544280274453,422.7286368939323,346.52416795271824,397.61237855287055,264.27626315863927,205.3329387067998,483.03969755889,268.5337560676073,287.4616648972501,656.7560634745571,968.5373316998922,603.6372005593751,76.97946706496627,75.58361385406698,951.423220845566,297.2907903073336,92.06698608247544,599.0445871503815,623.6487782902661,648.5048201186881,267.4020278575413,15.110684214475034,965.0153694544719
250.8930456911025,676.0262880525474,706.6298698787095,610.0074170794857,312.9073942136482,271.09625376406575,597.6682827027031,866.0956336116915,946.7337289233956,105.90580440375763,154.82861259771985,944.7362587830796,736.5352283347926,882.9938248297731,202.63263413534315,587.5858711094019,701.1395944174736,680.1118854469727,408.1516908666981,15.394891691308477,582.9260568042631,253.10153917960875,450.25424614289034,957.5810150838173,399.03531764243473,839.8016066644267,188.54060574925114,672.4604980250289,977.0069544389435,101.8931008729368,8.319942227192012,433.58279263261437,92.6254830513672,748.3843496762314,914.5486638485589,434.02097270875885,258.711642155441,434.40331900660976,723.447817850001,9.054161580370979,589.4539894846972,613.291684887379,637.6882468959355,242.0220799808772,714.0527233781268,91.3914863317764,199.2703364668008,877.470046654482,738.7231507265664,13.745554011345252,248.3762603698002,214.40648299316456
270.80632803697256,247.5597702798864,62.52629574284574,458.9405165968203,732.7334747861652,606.7317247174365,672.8716685980797,81.14917853623915,951.4907101767872,838.4918338430249,805.0903184956627,822.9838050417675,932.7105081327613,544.2539661136977,200.28201786762588,616.7836078525412,742.881493667939,737.9173933540254,521.4490241668801,68.45871933357806,371.1129384301278,920.7666084633573,584.448909757426,538.3319432557134,268.8535143821935,368.4489199165789,895.3460891531693,666.4630475268357,787.3870267523329,454.34542306765513,630.247219456158,248.38360874320753,705.4608302834863,427.60133370333733,442.54551481474556,649.3223245768817,936.2806214689267,64.00634660862093,824.7432373470076,292.3831104121931,443.9194545063778,21.913328775008956,301.04607783431305,502.6312426301305,56.17607734743901,491.0957293831651,927.1106288584273,105.39321810780523,764.4407280755044,409.67105337599264,655.173714524338,260.23659798522937
159.4922625413583,160.46261427122644,70.49194564314465,185.64670490124303,664.2193849889683,881.690611843508,814.1256855911619,685.1343098744841,110.43186341110267,289.1874462959498,309.80687532246895,249.95694639762124,515.0056597097231,535.5538148796726,356.8859751711102,353.78915873643604,828.5555979060814,789.2928483196856,307.79583168074566,913.7884438732593,952.815017002506,326.74254203004085,354.42494879305485,505.63415342195884,941.1208125336735,876.3194331423115,102.5679625835898,392.7307432714162,553.3711897497718,503.13247255154005,193.86306793689266,858.8167711681547,676.9407829968374,837.9083748518036,858.7642793494722,748.3558536657398,439.21060124971734,610.5467550154245,160.36540611974314,673.6454174749077,179.25325573928075,693.9495905101568,229.59816075396867,117.55130015021997,165.28449014295742,1.992135219070268,718.7396178535303,732.4010490583792,514.9333499132595,161.3628010553837,83.55433751068975,19.12896643728701
165.7481769652207,890.8555349831468,241.53684170168177,354.2713272172157,105.34548448133319,222.36130474817028,519.2245707802051,607.7526830956525,245.35231416621107,57.73215922511721,391.03286912739867,234.20337092633414,219.55392322980194,959.8628027134553,616.300485925724,556.8784431720959,415.77510352332195,428.94433343014424,540.9050038380808,696.4298070361073,702.1460961818294,171.69390770544956,500.112752076627,411.958095034102,870.5269662693842,631.4189212183763,532.5040664159818,115.39464217891737,605.6378893234114,117.20390568023342,337.2065755657521,142.84196481433187,692.0736470243689,206.2521138361526,391.859373188026,895.6747776187786,204.3163833989703,507.8050639587791,419.271661166022,18.124041045729733,792.7581135728128,69.04590631459972,474.2550209769536,560.67829493895,628.4264566145871,688.6316293078755,253.27238352271507,9.978776658449373,723.443662354912,535.6565993475785,836.1177032072487,821.3883629006942
843.3261677878832,485.09465997954015,333.62839583686565,791.55820259137,451.2941130292549,183.4421964034345,854.9740195614744,882.5598767723473,466.3097561401701,75.69972730978746,387.8260899169312,803.5376594626034,901.7740285462287,203.47274249759585,66.97361202527152,877.3504531328387,389.4049389788753,541.7609642675633,968.065812050759,66.56472791422286,648.3180074520956,74.10542257486708,375.46892846650036,803.8145451934467,433.4722327556344,997.1823539029504,559.0592849466021,321.1621526359535,220.11132590475313,350.5205342861618,372.5332737595508,68.71367772396097,369.5741994267732,464.2385197392249,722.7377522388047,656.729484721608,708.7656552291543,8.363681876857099,217.66739958053606,661.6842883998565,483.98936817974715,5.313475668345946,804.4946424318223,772.8095732903374,548.4191629935626,66.46332577627211,766.5150495325846,583.713587731364,781.9599771579592,751.7469923958404,803.0020719578371,518.0080664046249
140.324518193515,671.1574733796887,620.4737850519706,742.2531871990872,169.8810060507353,194.97519990028923,890.4095172193284,749.9777984520708,908.2284887003229,758.7153211639207,597.1553059903018,654.1327370278736,889.12792394001,578.8067545119405,632.3913243283874,156.4767160036006,473.9212201161027,716.397111958099,270.9426983163654,202.25418052453492,313.8268082244156,241.50062799283344,214.91263703639584,424.85084286808694,907.8385138835341,507.0596467387183,187.92038081532303,76.97166938087408,696.1561451379253,382.79876443638784,821.8309465853592,659.5107686407702,796.2414505413685,271.9460394184488,692.3589224610581,264.0619846937188,939.0684794502916,636.3742815333744,324.5118001753421,269.51186229227267,190.9265850716435,694.6409588937278,218.7156129979273,595.3032659274891,264.63502692535735,661.9689447938686,814.9397285405392,778.0252431446531,760.8513309307817,187.72240569225207,88.3849469845187,698.9488284873856
368.3472137943513,432.3462264033473,31.149092793391063,259.5764492750492,33.67640387446402,879.1857726012477,243.39668321853048,557.337169573008,38.979320661130416,666.8473913056581,323.02734575409386,897.9191869576658,888.1181889340359,325.29061836174776,900.9608956904679,996.1576734987788,825.4156641239481,844.871347755229,249.0087361090899,576.7023988577563,67.25591396736786,94.91793682166971,998.8926120332906,326.6392494259109,748.1839120488464,806.6650530268165,858.0232710072291,997.6282974021565,241.49648525686786,40.35082685969971,411.191517994586,130.08066982894695,22.425889162055125,360.4268271414861,783.7382510752365,566.1806912250709,312.77798921035406,654.3420054927197,232.0181803088107,14.381446072085025,764.3533864364274,623.7430848640091,762.30262450096,38.93801668766561,837.1196278306522,619.5262000363033,563.3953507126402,624.6140481145316,864.4332468683641,586.936506558907,580.9503798881793,990.6791570657658
756.730167068568,442.29380545113526,707.3970000329277,389.23047169178847,228.875462483499,596.8518768877594,928.1820981139515,929.1395200154627,341.9052781054903,527.677466221695,211.6358985698612,995.6311094988835,981.1179078679357,649.5089297074474,804.4140596774733,715.1001612837,593.1582190394682,53.34799698889769,454.76434255266105,674.7863021674106,677.5316138836847,373.1226184223836,941.6919866580306,167.357032236781,500.35944621556064,690.8839765508228,697.1358058918092,648.6389567688155,275.28821345186014,156.20656868662198,635.9403268267108,599.3021161394378,179.35601028924097,705.1391455705633,455.1719917336564,667.7605916031529,837.3670797701507,169.72842857692316,19.14486799683668,779.1025863957868,609.6974251526159,699.6395696221217,838.1549749886426,802.8109348245005,960.9201469288247,535.9350788521182,488.49563265990537,401.8871998907301,153.69104284420453,572.6072328820225,277.0125243259788,921.3075122129754
583.1908042770975,592.8401805081102,354.92466087701,51.989351977707486,31.74376537298862,423.3351441531975,84.56537809723785,606.8469555401391,880.9730056396575,882.9148165187222,659.0454101322324,211.23183147293102,862.9968313588721,886.0934353132081,196.6535849529587,737.4260857706772,286.51954892712297,802.6403123529296,997.2378999036026,30.026005329392813,897.3658657909319,622.6305335986581,973.3826191648211,465.0095175264276,847.3879305713738,62.39406859827723,335.2790500782957,67.01653775120997,975.3431334790705,816.9739072718368,852.5474212459704,937.9652314338942,85.10348611978536,385.5975925133334,71.03488904400213,210.7931015500286,229.36577703767236,469.1072110475787,268.5621674536426,100.97810681776109,167.4910890941077,147.27556355209092,973.0767979122983,759.2925069184736,967.761465269562,439.74048650790854,278.3684816626566,798.2931972091867,326.2539180411468,299.3833737053483,232.50599220783118,129.67897822423535
256.46306101676595,355.31974847388767,673.9942081457305,62.56484221945158,210.50693966534294,809.0236402916764,146.92192358377076,342.64514652252154,864.65892185814,154.92531114344266,82.7368356181899,484.53799508001083,302.4195112785364,563.4083644838541,803.8048904834751,137.14848815274317,580.699084554285,505.50876038986394,144.07878601319956,623.9984855289824,273.64041786077166,487.8343185440125,82.27232427706188,459.58405721362305,306.4634680428203,822.3812111853543,56.97872699736828,418.60727491832995,458.431424131438,725.0060762991187,574.287575090211,667.212337194181,777.0492856517561,862.2029736581887,313.87549672247053,538.0227053639029,840.1080784391999,989.4511309650564,889.5193110437631,371.4672626243768,195.16651721865043,489.3925374065887,741.6414518360423,492.5690707532976,483.1808633136685,838.2304210818006,361.40377906718635,859.7946748116456,406.80480095172356,328.2331056783394,453.989911199699,762.4469586748685
126.00202786399429,196.4192158720174,951.4448256630919,175.49162738135738,567.7273179310546,579.3144666619379,489.6244620502448,644.7452485768185,229.82672579761842,552.6622677767482,372.17325524689716,661.6672596291891,141.22354337314945,570.8774168394763,185.2703553833237,278.6430631150364,218.70980032358324,182.8377798688171,825.710951560667,285.70756766089033,927.1237818644494,969.9265253451908,571.2604699370974,143.0011226657264,374.54824337958127,797.732263348214,367.3907286970705,87.01721830278875,556.784910928188,845.1208514960348,795.9263871435024,175.12314013035325,672.7646144124667,220.50426343564712,218.20753455217223,874.0717733051852,249.66895274023017,263.24734651801117,0.6533907612995549,870.6690341255177,792.5948132091347,627.328935090678,750.2657639388423,152.0485674244918,458.3235945875754,351.2193873487809,93.77652625701649,486.1304852149241,920.7396503426354,40.05911905069448,291.4609134937939,207.54093620570347
238.1466536656963,908.4345518793752,468.06905423429015,466.2994129398188,760.5756424552823,154.4922040049258,487.2653541000508,429.9852141210597,596.9106905466562,999.5577032504386,769.4488940820471,397.86570301742717,827.553052274047,170.70836331248017,30.463686308960124,204.44837246427306,340.41155611425967,510.5807574595599,615.1291405411998,910.6057172144217,509.8540095504577,501.2756446257294,50.24300982298213,34.91155265622381,551.159961916372,438.1786132483445,839.1803949802986,160.67958471184517,24.971662117049597,449.03876793012586,237.47855675225748,49.614373338837446,724.598286847629,111.59299995724747,608.3195000077717,281.04975016688917,173.49605035502202,379.75152291931744,801.4457762229537,392.09357690457267,750.7696492110557,125.4862967991507,772.7714196650791,236.93332490664864,677.3931298888727,565.7815548409964,929.1447172116873,387.32251797531404,66.16518883444044,19.155485551252905,826.8585609727531,524.7356376614322
775.2440518349492,234.4256000115147,345.08374551323374,30.103872211318937,961.4923245741121,667.8679067008134,933.2050877593063,265.49640742907235,611.4636112256609,678.4999682926378,317.5497002575884,848.10923501563,947.1614629002478,884.8551176960043,739.0669759393726,277.464679724954,281.6160421056317,963.3603204460379,10.284495935692028,716.0499732421445,706.2461625552622,622.6895409497974,990.1088460868658,311.8794357637252,339.9718637932482,78.93940294655555,442.7981365437374,261.0485262348481,343.3867021776442,834.5717902556277,935.4845135274958,185.73307200518562,372.50893155346586,928.6305621153941,61.808460689222635,92.36052811137851,162.79098920622937,595.2128341268748,150.47227100599747,968.0763814507335,446.7145272585203,501.5179603501664,246.6586158054065,470.9602524347335,661.9136326370116,751.1771369540428,753.868082709913,577.8911126940883,904.3597749938572,817.4078473061094,757.0481146986255,55.605521680460626
6.877962219649314,212.44727719547296,663.5235939134523,411.1974888825458,402.4062592993117,884.5868882296137,895.5628481318387,909.1752640535857,313.8780765150273,691.0558127392618,271.63318127436963,190.6098330744498,184.6324573473692,342.10762086359404,429.9576197798217,830.9491710550684,119.8910934727121,734.9258473948942,531.4549141893053,287.9453426759925,492.8195845328246,299.94206977702265,596.081955238306,433.8439228552442,164.40552907887874,116.58307455569673,546.6956820721301,902.4130332861034,343.9576865576856,733.0001072226232,658.661354939767,931.554914309481,820.9810172991408,566.605258905463,657.0304982341073,898.3864665840349,399.51878458693477,326.7947058577774,10.81108363519634,826.5510741914642,800.9807004033648,104.45451810015139,576.8573811327002,463.9816981668874,118.70909550911146,980.5682270607235,214.69588746335543,67.23418009056115,594.8473795019096,738.8666771330327,32.44344604718697,658.7176387270222
532.2918759514545,103.26500887504841,172.52387694636207,567.9742973160805,296.35761351328836,938.315728651316,818.7402294840508,983.567206513663,259.670838950414,969.7236327979771,431.2338697915579,347.51879531375465,50.34952696935324,52.76525785960262,692.0112559466547,457.9289944340279,226.52162603610572,613.9703063252326,252.85811825011118,577.6317543444226,359.20874698269034,823.552226611819,820.6961607667793,477.3503981224013,350.8191093350156,362.55979655909454,805.7145256682179,328.179482797612,209.05937370684603,84.68834187530683,466.6931208844084,482.1320989198419,840.9087104029071,221.23869644606398,380.9912736683999,808.4057388936909,823.6236107489735,384.6110759787682,459.1240232866809,303.2858908492829,932.5548784193121,118.64376574158031,933.7494230014701,683.8664518353432,531.5721526867312,32.65906078449588,475.5961918220083,407.7481050027323,161.21881197512255,656.4096035006569,971.1509073682857,562.1888110645251
714.7532764439458,68.45045256601678,417.66699581699476,116.35848516449587,612.7958355365104,938.4821582141545,661.7777324716385,76.80304831442153,354.66620498508286,550.6633794408515,403.2077561332522,833.6440104751723,814.6710047099892,611.8310201032215,373.4579451327053,255.33637376324413,105.87431821312931,354.89768348655406,413.1725172077195,675.8229251040736,658.1598242975734,70.10813964125695,395.2593154311578,181.77886721736192,156.81270531680568,827.3021497372459,41.91521671625753,419.18287590212134,168.20365576651818,879.330215678474,557.0405132750351,231.38063637684803,502.4272871663764,731.4863597031158,958.1180089194338,220.44600424541895,886.1817721293452,934.3041141674903,916.4205445320662,635.4143568619098,629.8206544347076,403.2106331838228,752.3978823037879,531.2940183509319,677.4380712282945,428.45790384879547,731.4964640431391,824.471517604549,146.43625660281612,832.929715574228,540.2965317903072,844.6659090902243
431.3017063410146,379.04048538303505,915.0607325172224,251.1692675484013,844.2123252861431,484.02057250940413,514.0954425512597,308.468281489484,573.0422006190157,325.2111962762113,39.26941424165231,271.99860534435606,6.379043406590679,978.3547870568566,965.7472098197475,395.15529747230505,728.370854339646,345.80609841042497,671.093157085976,805.4300430459791,946.7562446922408,400.212275849672,783.2979829560477,265.92845063211877,990.3323037936483,25.769598764351144,603.5288065011209,659.5059816513271,688.0455570741289,120.387578789089,938.5297834731305,181.1832790500828,622.7534032398411,222.67607912308495,307.2164170212709,546.4585417281244,417.19341856457646,160.22560097650629,170.93640242084828,418.14478816279967,757.2829782755007,897.9646468477886,84.12766225938284,393.1039075594011,100.24556372287662,16.592480632597884,661.7186826439566,602.4494419665878,163.0191138148862,233.8128330930641,23.70775364451838,834.9472056944037
974.6905960485515,135.4595367946908,231.47521376529812,868.4095239469341,926.4637979561849,419.6273828068103,50.62247226907412,39.391833692819404,573.9498660690105,392.89510889317904,28.652427577654514,583.2523923125568,11.302536589022472,787.3719581492729,306.4328227033716,40.2580030092321,588.3522209831533,397.6844144330547,973.8004133571495,544.1986625037022,275.2391810370083,709.4388646339747,271.4920025427113,904.2432914075652,374.72197050737645,549.8685627762052,50.57310382422886,426.1212379522308,832.363539660995,805.6488053633419,224.31855885352624,226.07907101056267,817.3053122132368,930.3984201693255,95.36092127300356,450.0586394262253,337.454278964229,870.6884554574393,83.52491468001877,211.1259425580374,752.4683375864944,51.29384898121558,492.53538071428926,442.10703467972,334.40117898874865,394.57231531892376,529.9405869302329,161.3673583883831,571.9958782835928,805.4323292999863,760.160929790159,153.8999046937737
149.24946974147392,268.1743677449133,361.0747263410372,408.4555814084826,679.6972168333452,56.680432165835406,34.67270422606639,391.91056294390904,697.1636921379804,193.43534295648257,641.5044812562517,259.8281379402995,886.0861088135164,895.6899442666165,297.28720428132647,229.99375396324052,411.30397206623127,240.5315851801487,672.3838432917037,826.0646845482855,673.092130911217,824.3504472493495,396.9921622074741,156.31697070886085,737.9509473975921,360.4745051415539,671.2708252291325,270.6439419817657,81.22963480667266,992.5817954877634,156.2015079305993,988.420993963481,977.2799325664473,793.8181039080397,659.4229620819975,577.8070502510847,866.1015453778347,289.43952161948795,467.68121248487705,619.3899693665019,411.1904758694911,427.48645409026796,330.2846675020844,564.231816684536,850.574528015116,201.52837800631283,934.4330387534415,689.0876537482296,823.2732126800302,556.1906926300117,779.5167014240635,16.20039733946721
818.3804247795352,40.13885908536652,889.9133763628626,991.9627472386433,294.06746217677784,210.31855628579365,765.3633638580407,253.02634092025323,865.5623831722035,102.8425921574767,125.95519637935826,979.1515551006156,673.8388982700046,846.8872244289528,324.329377351518,676.4837495206044,594.2418273085972,603.150120122947,682.5324595377216,575.3591731290986,429.06236930266596,275.92269438054683,768.581330913202,226.2724300031862,692.3543061544142,233.33282264932663,625.3301699544539,747.078267129029,218.7138889065392,59.94330086130828,130.97374299417407,605.9969672710255,849.4464062257355,44.99682123542436,734.1512590416462,341.31864595005214,478.5283699195225,928.8595498455657,331.9715047358455,465.3369339394861,13.682414760681105,81.59872000483837,258.59159113478404,27.852240821074403,631.3753260482509,426.3983568016225,548.145202728022,174.64718589632955,295.9320294366161,663.8244748527251,965.3027236303998,50.4167736022092
890.3843208552661,576.8812013112084,563.9195667556237,500.27853520776034,69.39408590418338,89.87685173616067,600.912005659086,340.9585714355583,917.2680665776807,406.59053735947225,143.2814587026411,714.718833502036,293.35342144100986,525.4703073558932,697.83278550517,900.2641112020704,792.1911948016761,676.3610678727241,679.6331823951435,945.9246440320866,295.82409749653607,1.1120941961874076,271.9545593981987,217.891379626744,661.8345851139982,633.7115997655291,593.4613827047239,16.2434432094537,728.7780544506475,323.5304124854915,665.0559890066311,556.5784285021533,342.73092542790715,134.57626710410776,94.41889766048095,831.5183331122236,918.397542081558,649.7880467642996,103.43411486048338,402.02721688824073,728.9392001051572,779.8208840100681,118.2186222910886,0.03071884538241587,712.137045880605,356.59617598620565,254.48133161826024,12.89746978952544,540.2994067614997,851.1507354259818,957.6316462725879,565.7449506132892
514.4613277398942,85.05638548924111,548.8728015425997,379.97907896539465,607.1352808835769,388.7263478765467,240.29912345036675,94.9652752283765,314.91844458889574,96.64483428775227,176.89695082398393,987.3361585795459,444.1035569066186,531.8717665050166,873.6185287372153,995.5689004906878,582.7144493446815,812.4738210441717,326.94102433667524,305.7439574472911,402.7037209945602,672.5072626736492,682.1916892550987,315.2394346494508,133.2099241366287,632.3962564655086,128.32586218876452,578.49250822933,693.422128056309,700.6114963944516,753.4721106595968,872.8594215656645,499.9589919647884,730.2491895295711,619.1727353658367,186.63993979768256,25.68964486940817,284.54138567693377,443.0337063376194,617.1059444286562,849.9593305032054,196.24571670616564,125.54978989847709,963.4799474743276,108.04455937640711,478.49107010718916,585.5637287933018,541.3744209074382,86.0321570329432,57.02691400361937,105.48342746103567,585.5876838726125
544.3448876343211,233.74079203674424,637.7741418455915,820.0675020556494,41.57895984659377,498.12994354804243,689.3104121026903,252.31192706968707,307.7709052931491,613.6379029893839,897.9352934437369,809.9244203028993,583.1302190995835,730.2217177572492,364.8224702077987,640.9655280987578,466.181591127557,189.9361364575609,701.7382738772571,556.4646373488221,358.6215819535914,911.3391900786307,20.934117826733267,315.773151249496,56.881397777646555,766.5273162216272,702.1074541137926,331.352218736317,675.662902207073,395.93722619594985,756.2537914224343,454.1836627367061,412.2797278316656,934.729915488301,250.87909989070022,120.44733999656543,584.5431132594582,969.3218122841789,377.83921372718663,62.03676362878152,339.30526730956745,505.93165431955845,161.9230066322137,658.102218056492,997.7493890102006,451.73947598144383,354.72855673021263,400.70416683446666,115.14617839520113,883.2736014262238,414.82565552135196,387.27441142484133
659.6902729304743,442.03342093112354,648.2334688078461,61.4462901307875,813.7233437222275,940.5039528794026,648.7653861593859,954.5659288588107,151.4323143699633,477.4161894803537,601.8067339454473,581.7366474211867,401.46177908904326,338.0844093662614,126.8240225504188,391.7424505622782,162.66081510548514,734.3656764922184,208.83093549458997,58.56530528453385,552.3661378172343,595.2297327194016,871.9130612805055,576.9816124176818,345.4808537234457,803.0118815263205,540.2788931874211,79.28028463119175,565.8505603132467,908.0185454216623,396.31262549822054,296.32580189980007,143.46945701802005,151.4455219353573,432.7714843418189,595.6798241615295,80.61540516960176,939.5685890251657,755.1336174451959,586.6239182836626,828.4386709389909,80.18675681211329,476.8388777331244,630.0931268616634,828.6529061182893,783.4695600492677,277.06924971339964,940.8801695592043,124.34584143087035,875.1336186211521,970.9402496046185,177.15352322262555
722.0660642037852,40.28551877799846,405.42282513915495,516.2832991976741,580.6452259096341,935.9372482485595,672.2506872941947,481.277951219237,809.6750362658893,950.532820954409,22.066148682290844,982.5212722560387,86.13213906368034,814.3867792687613,280.33475255141246,132.17965775387174,439.8556397138349,643.9565794476135,380.951845023475,54.565408282698954,599.4611396587167,902.4032761106747,383.2153659472517,216.33277763082702,442.5773459328154,48.362711048780874,820.4875844802748,826.3408109501868,588.0004634296284,353.10288893838947,799.7833644457834,554.6870247883671,825.9323085500162,631.4587925830206,784.4054732127973,598.56299321776,414.1410682156662,957.9458599261376,541.1138248788448,605.0895185405384,220.48763941474925,625.6507894272764,571.6076494829439,184.83839794702496,59.58709735314371,604.3593197147711,763.6922693503205,523.4013709220083,226.7726253196457,666.521976693035,80.10572660960224,441.8337048019546
163.3667583984202,184.45905105988336,202.29394915820365,386.7070570439779,51.15020562039763,397.7934409290982,511.70744711470087,483.2942849663252,382.78410040304055,839.1466080707524,145.32669242050412,505.696743781374,62.04141695655429,71.15567887790975,573.8658496770963,566.018424887821,878.0335128444569,557.8736756600732,959.7910204048502,48.69484839992977,98.00768478074107,44.065861570381394,185.27685033354,541.2701109416781,645.572181427428,45.585157948668794,945.9708898455993,842.1653766503811,296.61248215709315,77.18753022646796,169.88707321905727,126.94441375497267,123.28377929894685,518.561688665734,245.84744249340028,358.13971652914444,989.5053333843224,684.3142489253447,948.9806670470014,142.5565550331156,382.13947483256925,554.7318032823542,76.75806188873801,4.187443627957865,670.4343337969175,641.8195168014354,410.7888099996118,489.6440760320326,415.4430005920896,24.005044844888857,335.37160621746244,177.08225539728983
98.42418910136874,956.7204338893498,599.3597250421656,728.6562842366027,315.36374326611747,393.1471294940152,236.92399389672346,96.96567096542475,179.0316374415838,797.5140452964858,677.5458051837759,546.9288759854769,475.0898728667681,922.4342836561244,72.7349477786684,280.600813237916,349.937853570714,782.4258122127878,992.5146201619714,240.67051475715306,874.3073341370806,830.6227604317913,224.6573976417666,399.33258019922255,409.6728692925191,978.2206685265583,180.89190137889832,799.1579711047821,334.1927141731099,730.8703457761604,420.0110042956629,578.3597631165401,832.6117733261311,804.1655649838841,866.4231835397002,59.61732534465902,692.0505530397448,139.98737672176287,415.818568018411,548.5884150546884,402.7394847468307,519.6116758030075,996.5263087986192,135.21731371285472,675.4560453364255,396.00096638561524,133.0097989073288,158.73676337430953,949.2731062456169,879.601496711762,907.0419604150218,991.5327758273866
208.31539000851797,355.43933736406177,669.2190299248667,483.80253986064724,418.3895333783335,357.81124933559306,593.7806319434522,575.593428640082,161.45783406424007,471.73983751843906,553.4717762098498,570.2869387313905,210.1071929123518,742.2713922522868,25.199094821069636,354.83185554316265,780.2126485356335,563.8929210554023,261.16243251086024,694.9531193430477,567.3909441560734,796.2436094563872,735.0251861898233,610.1079220362346,488.17767531081404,133.18212566752342,261.33301788538375,419.0994729170853,599.2992870063887,513.7078552153048,288.1845259595295,6.464357789710551,496.23922190081396,285.6259885622431,734.6083007105351,23.94626527048349,584.8278113057909,941.4742375060654,174.4092671114995,471.64949075059536,91.42199181713818,625.6819122613526,550.5316805962256,407.3655242128323,521.3770214737413,896.5746584690102,196.29430231106704,22.564511705347236,861.664884699101,577.1170823879065,890.6584554618424,596.9452234131726
810.1610899597025,429.67336335514796,749.8599312882687,913.041466889856,572.1229637222062,180.78515056237953,268.7976150301982,198.64457689740578,246.85702759573292,306.4154493510364,555.1337867531885,587.9916294638327,426.49974724186114,615.4207798208354,81.57492561136593,87.78823705815996,171.82946035765843,518.0774980403447,213.99467869831358,283.2844034925773,400.3128361729941,811.8661240103798,13.862135912860118,649.3788202366225,668.8765310406853,798.6557803566366,932.7529390603132,20.137848949289825,153.78370551321618,886.171294055993,458.5185621870154,564.5906389334635,663.0272037231474,679.0666044956374,931.7404033165082,996.9494174116696,720.1574609309403,287.22120920515084,879.7524022943436,49.220914540761605,231.0808528744962,897.3857174637149,256.19151443935493,220.65105962174846,138.12529314024724,859.1117576469165,500.05825919108673,674.8932030541548,239.06638407502967,758.0404210112165,760.0055449620985,312.59802490830015
410.68263301028287,209.69027743020087,976.5610233229042,645.6025770584116,934.5438807155156,303.38554362913317,781.8909129968897,765.858643884742,691.6556518665416,965.6389752668005,393.55533610631556,130.71732358975729,671.7088592440608,729.3098004772062,575.0605734588147,206.81789313339627,504.45594166935535,312.1897365691294,427.46652816668905,645.2185758446639,745.2147426908346,232.2246909013431,405.32536064695336,269.16157099162916,198.6316138618691,783.3872199958383,909.2526944369924,370.23218568457673,751.2789243737668,896.9952893644111,846.1242105302316,182.8133885392259,956.2918815133613,376.67644042946245,339.2406611738363,62.43132727778033,486.173654104883,109.0136156409287,248.53982092742598,316.94262176728137,808.8263234916841,875.4886503958966,302.46631746146966,858.6981212445739,857.230937369791,764.6509503848736,146.69511401518153,690.322846900729,945.0240645805687,682.5404787671571,331.61684910783396,500.5793174308313
645.7250433510536,510.5704087285036,119.95294173096983,312.06404465202064,802.3960305536325,861.4180460955174,137.30003271557024,952.3867523987246,328.82261784860935,662.3137387307199,751.8251459566811,811.9462346378834,945.7497022259302,312.9195480288226,858.5064545515545,131.68690343620705,705.0409063535927,741.9777295139859,677.7232412013204,252.314736135153,873.0431470152033,168.85846337039501,53.63479152083084,717.4649906119122,475.4757152327337,849.0980199586761,383.39714105825897,168.2785885077128,836.4421924698697,548.9096316400717,189.19579239035488,720.3839985864457,511.11363848950054,604.3129822403198,460.89833820658185,828.7089838180063,829.5627156830499,709.3888218243862,105.40137739646227,838.8538619040688,671.0129805329099,697.0241660042996,362.98284040387165,879.2795561570067,725.3716002348575,112.59046652919447,407.77803440616265,886.3803619601417,47.196701697379,961.4166196420495,679.1625683195628,631.3759776433766
270.5592564879914,248.79178873917706,942.0582194885955,298.27245423412273,775.5052967189994,393.12179820707917,139.25407078470397,10.715297695358949,544.2573370152508,975.7788185489327,369.1361938092045,357.1923339930448,344.0916178494421,520.5438373048585,440.6648834242936,879.9146267270145,505.5207917234903,507.75783818856877,138.3715947205566,982.7395409103859,249.97289086882967,73.36406745960267,663.1462489752088,595.3663701568727,415.14565399274574,422.19223388067803,785.0639210464312,195.71264009964906,820.2533189448898,648.7471138950182,418.96977377952436,458.0286165838686,256.6472071860958,752.1143326969748,512.8747423052678,320.8545427498436,596.0501157609502,995.734452051323,435.26227965655386,920.6914007786196,345.0168399245661,54.732706924985884,204.24210636842886,418.6951433276842,219.634928594569,0.2270382182555375,915.0015377475272,843.879411230929,742.2922314869471,167.81459564602864,120.36357620998605,67.60474947238315
724.0291887729212,928.8079606878853,430.535820913037,119.14067199604817,512.3928207321065,348.83190745863016,374.8249243499977,621.3306241557073,718.7181132622023,110.60359887316085,35.590230806476384,994.3303026857149,232.72834891555183,53.830524908459076,189.87532909591997,38.95784634846422,391.81089461717164,802.4017844513243,341.2444497577206,444.18340687836655,675.5867735674387,508.8940700698802,861.4456860213243,866.0356750457565,9.910695491153643,778.0463064831991,460.73360024167386,988.840541303663,483.23207587543516,986.8959453882975,754.5693612057366,248.60488461330633,538.3949792869577,992.1356394785828,857.5306077519236,97.3668937912211,706.3719968099961,345.57958587081305,6.982261880348117,403.4809690269996,234.7544217249713,818.8692705204716,337.3306088457655,827.5236939538171,0.5979388347953085,307.81915002611913,241.16521430776194,233.56736106861098,68.1866197654627,187.12427041050174,555.5495698856199,291.3610728377445
417.394782329148,376.8668803471885,875.9049249998945,905.2989990105154,492.95697165586006,330.1559503156044,106.80070400236363,953.402879382095,60.226944900297454,297.65027756828044,298.06620117000415,320.4012861402149,164.28684327240927,783.1614309236971,122.49786196598922,634.9066591531628,123.84602670581745,70.53563759295656,909.4295036858765,190.1287663187057,821.2501545597042,544.6308711071358,77.8565196087696,955.4481914380675,246.96116699189253,859.6453453526065,168.81000578456417,853.9428821418529,13.228812905293985,511.7804565694807,769.4425794215568,934.7955174927833,909.202136206487,819.624869547645,888.1913496613041,199.2196858370765,284.18429571172874,288.96852492105853,377.0539310016988,393.3206703851887,544.5553246546755,159.87976336644138,691.2466637859893,167.56653930450648,310.3084821045475,503.34513060615404,796.4405615234773,739.4692332387273,645.5343564105223,155.77326058017016,547.0453456155777,87.44650179988544
377.36317679665075,413.5165302899592,39.81143944575383,273.9880994699718,955.6494672664894,953.6326078296895,352.3270542525393,43.100108948324056,179.09493932818154,392.2177934335401,947.7796979692298,141.1990635371849,763.5158436682123,108.68253937469208,981.2575773912769,381.61649910913496,775.234538899056,342.5910828111318,627.6688771588088,192.01608474003672,146.02101929696255,938.0641395681313,917.6472779044335,887.4689402128823,625.4334501665935,808.2682112162782,69.03693691137491,334.78904189067913,313.7031247571562,635.6453219526132,355.9577734706405,148.5067816436808,596.4670754135437,814.3839206690815,382.1234944599732,132.2687150984817,196.68819731282306,237.48330516938398,299.89759299453624,642.7950705063091,600.945484537719,696.0798615670392,362.5019845315132,823.9976518799783,204.08766115576026,469.0407475181539,800.9387215414303,180.15864773261924,109.86311374078295,883.6839676879897,342.9296627591959,683.870124909032
25.34860426393848,690.0468884094496,316.1013115469705,55.74085358744174,609.812761548117,240.80381607317324,386.80724205188,80.58081228651359,147.16325109494534,297.9772354958438,89.75950056015714,910.8262646863152,6.047043183978418,483.86021886431143,123.24745813255144,307.67908947794854,926.0595598182655,161.69455327398686,965.8323197183327,205.79437698942172,741.5661084668296,546.6772648973117,884.4787275967592,553.993255503131,534.5592191563087,195.4580003683999,166.2293620516587,916.4891511155142,327.8381988500341,372.08225496289595,759.8236584283884,338.82348242280733,952.0624466390027,737.9277689988003,597.42924257342,880.8951605447525,49.60590834948275,257.06269218920875,465.03633422090996,226.97853947152103,743.905187302152,919.2080310537252,423.7701199309234,342.13260011189493,961.5507321375662,444.85243282754084,489.04840044928324,351.6498723419054,909.5484730121384,568.9554832818508,762.1745871816447,811.8067183508864
341.8490419172582,433.69433132038006,848.4717744062647,363.25535167581023,793.9351334518512,940.9923225744371,623.210373068007,741.6272874518888,805.0973120411348,845.0396488966425,395.05333785679596,51.26345917599817,401.8762712367395,673.7562297840898,450.3503857807928,748.9631508603985,356.9824294686639,634.7441411040295,186.41980485397457,749.369436644957,545.6959688130258,204.06438854660058,291.9111734978073,748.6087085818324,482.60123566152066,216.03144039307222,967.2711903702976,715.125019816888,957.1348325397961,427.10504536034324,475.1003406917205,897.9552161850191,525.0493402453847,707.2789119056672,252.17287749552997,446.72646870264055,123.4498658103551,205.98003587696167,0.943415267631087,39.26505164866023,977.2838231769293,242.3536951367623,663.3107095040019,839.0996987996116,550.6604592365643,153.1445000839562,728.1164373361664,600.251410099583,731.2505893473751,769.7466228570871,975.4103676847451,573.56328002671
341.6411126906018,648.4645569002371,68.44070924262613,897.3973183215863,119.38101133819679,327.84283788581826,815.7453806261209,597.3123783307118,393.6355202774421,473.43565937502143,854.5473932021803,340.0043860598921,869.6496848121714,88.13443097669149,776.7984372086307,847.5476330547364,181.81765283733876,430.34653237220044,165.49977466365561,706.6041289942177,535.3477680616568,635.323346708321,196.48696695621115,211.7458620524195,41.49732550990637,322.0675351957297,559.7446613336749,857.9349139973287,666.9274474586807,435.39632339975145,953.1201143941378,719.2452005758319,930.16520286255,527.5879732721656,258.9042747931396,52.826686364721986,726.0848514838505,121.30299800553412,302.77512827196716,532.4709078838974,564.4165877797477,600.583196987136,166.25533034970064,379.73740482164874,617.1942271169667,969.8188646337848,727.6311376996887,922.6037570939578,762.212058314177,591.7169688924005,192.02336913634454,666.6856518925131
623.379565959907,602.4691704572665,489.78586798824074,528.6566039892756,334.44252711810407,519.3126926423032,197.55590567847824,805.1743973603768,185.7769546987078,84.96628988946642,436.24602635715735,658.3074395060619,437.7168249335414,276.7541319513086,558.1711838904407,347.00233541219995,932.8676901266331,922.645139603572,502.37181997209547,327.88399401825853,737.1324139566391,36.71294348306664,474.76900604365125,336.32339427033355,920.5358851025546,12.003027272682543,552.8148757183491,740.663581066626,485.01798752404125,85.40303016272166,972.4613900279022,518.0104313760979,614.1862443190114,236.60978270750732,483.4980851068038,429.14949195832185,74.89584200198374,106.16035354746722,837.4725196187745,239.81995220659024,194.95827149863055,504.91145125013924,768.747131362513,61.94651857898792,576.8079196382558,119.21044284057336,36.46105082561846,52.74395216221739,834.1641082084413,117.97248362806157,45.15136441229195,437.8998871429123
843.9934719420248,262.40837648930193,421.71261752591636,39.922532563751226,449.0785141348759,577.6130806371336,570.9070537521447,332.42669217436514,315.5331806631355,106.6236189365979,366.7983206462684,99.49466887296465,766.5959447120516,966.2742977481859,970.0744566667069,865.0710993753938,600.7921493396191,700.8656972438799,285.2058026804141,630.7704201726207,455.64954943987743,482.0173397769325,757.7765603751579,281.91835559725166,318.03961169451986,924.6417911286367,56.22429485097224,485.6342984133404,912.8008004078617,610.363007818157,546.4070742121321,249.7441792293552,343.27548906444827,852.0484158046929,559.2181317684582,514.7421937567799,99.57971354002892,16.02815645512312,963.6851886870492,376.98616728684163,603.2130620995043,79.71507318728499,683.1142857230466,932.5667087059609,575.6652529974197,126.11532237541057,581.7215274734767,766.3472131046524,406.41653657401866,879.8377479414678,648.6829533573645,899.2489182892025
623.5053112473372,131.28797200482424,309.69171110518914,201.79494825245692,908.8264977168623,760.4000672874827,676.3983689100061,300.9663196316217,184.0447720502135,756.4510879889118,474.15794587907965,225.78955215062913,616.6219781652751,40.333852138451974,326.17025412825353,468.55699459113464,147.95833410940585,984.6544775908395,209.09736458961424,130.35313004326554,203.5348738868964,769.0611331597242,425.50565927184283,565.4159397525381,21.009156986360743,34.43130857331455,445.8255498270162,816.6552432016235,885.2388787075653,86.70656759564022,538.3631021010228,913.2296862792705,387.9727543978864,829.5658314283686,133.6956543994362,935.3944896677987,751.4233175313027,941.3343927869017,676.6172335525065,363.403931999427,938.1811725247225,275.56677630917846,332.17252206173254,700.8084180017403,765.3162995253863,929.4034838491539,204.8024090562095,797.998035219224,738.5460533969634,63.79455625359787,387.22314121020696,282.7654570600986
